type_clean,n
a.a.,4
aa,3
accommodation,8
"accommodation - guest houses, etc.",2
accommodations,13896
"accommodations,cruisy areas",4
"accommodations,info lines and services",2
accomodations,490
accountant,2
accountants,3
accounting and income tax services,2
acupuncture,2
adventure vacations,3
alcohol and drug abuse centers,2
alcoholism center,2
"alcoholism, chemical dependency, drug abuse counseling",2
alternative / feminist bookstores,8
alternative and general bookstores,5
alternative bookshop,2
alternative bookstore,56
alternative bookstores,26
apartments/cottages,5
archives,19
archives / libraries,6
"archives/libraries,etc.",5
art gallery,18
attorney,5
attorney's,16
attorneys,59
"attorneys and legal aid, etc.",3
auto repair,4
bar,716
bar / restaurants,80
"bar and cafes, etc.",2
bar/restaurant,199
bar/restuarant,36
bar/swimming pool,2
bars,22836
bars and bars / restaurants,23
bars and nightclubs,1864
"bars, etc.",3
"bars,cruising areas",131
"bars,cruisy areas",74
bars/clubs,32786
"bars/clubs,bathhouses",37
"bars/clubs,baths",8
"bars/clubs,book store",28
"bars/clubs,book store,erotic shop",3
"bars/clubs,business",7
"bars/clubs,cruising areas",1340
"bars/clubs,cruising areas,book store",2
"bars/clubs,cruising areas,hotel",18
"bars/clubs,cruising areas,restaurant",14
"bars/clubs,cruising areas,theatre",2
"bars/clubs,erotic shop",4
"bars/clubs,hotel",977
"bars/clubs,hotel,baths",2
"bars/clubs,hotel,cruising areas",8
"bars/clubs,hotel,restaurant",19
"bars/clubs,hotels",36
"bars/clubs,hotels,restaurant",5
"bars/clubs,restaurant",875
"bars/clubs,restaurant,bathhouses",2
"bars/clubs,restaurant,book store",7
"bars/clubs,restaurant,cruising areas",25
"bars/clubs,restaurant,cruising areas,bathhouses",2
"bars/clubs,restaurant,hotel",26
"bars/clubs,restaurant,hotel,hotel",7
"bars/clubs,restaurants and cafes",4
"bars/clubs,theatre",28
"bars/clubs,theatre,cruising areas",6
bars/restaurants,58
bath house,3
bath houses,3
bathhouses,1052
"bathhouses,bars/clubs",4
"bathhouses,cruising areas",4
"bathhouses,erotic shop",5
"bathhouses,gym",19
"bathhouses,hotel",31
baths,1441
"baths,bars/clubs",10
"baths,book store",2
"baths,business",8
"baths,hotel",36
"baths,organizations",2
"baths,restaurant",5
"baths,restaurant,bars/clubs",2
beach,7
bed and breakfast,6
book store,3762
"book store,bars/clubs",4
"book store,bars/clubs,cruising areas",3
"book store,bars/clubs,theatre",4
"book store,business",50
"book store,business,cruising areas",3
"book store,community center/support group",2
"book store,cruising areas",402
"book store,cruising areas,business",2
"book store,cruising areas,erotic shop",45
"book store,cruising areas,theatre",3
"book store,erotic shop",546
"book store,erotic shop,bathhouses",2
"book store,erotic shop,cruising areas",44
"book store,erotic shop,theatre",2
"book store,hotel,erotic shop",5
"book store,publication",2
"book store,restaurant",7
"book store,theatre",86
"book store,theatre,cruising areas",14
"book store,theatre,erotic shop",10
book stores or retail shops,224
book stores/retail shops,182
"books, cards and gift shop",3
bookshop,6
bookstore,149
bookstore/coffeehouse,2
bookstore/retail shops,250
bookstores,1603
bookstores / cafe,2
bookstores and retail shops,458
bookstores/retail shops,1876
boutique,2
business,1019
business and trade organizations,2
business consultants,2
"business,book store",51
"business,book store,cruising areas",2
"business,cruising areas",13
"business,erotic shop",16
"business,hotel",20
"business,organization",6
"business,restaurant",8
"business,theatre",2
cab company,3
cafe/gallery,2
cafes,1424
camp grounds,2
campground,3
campground/retreat,2
camping and cabins,3
camping for women,2
camping program,2
camping space,3
captained charted sailings,2
center,73
center/groups,2
centers,248
centers / groups,2
centers / switchboards,5
centers and organizations,2
chemical dependency association,2
chemical dependency clinic,2
church,346
classes,3
clinic,6
clinics / health centers / counseling,15
coffee house,2
coffee house/art gallery,5
coffeehouse,40
coffeehouse / cafe,2
coffeehouses,26
coffeehouses and cafe / bars,3
community center/ support group,30
"community center/ support group,hotline",2
"community center/ support group,religious institution",2
community center/support group,200
"community center/support group,hotline",4
"community center/support group,organization",2
counseling,13
counseling / health / clinics / medical treatment,8
counseling / therapy / health centers,2
counseling / therapy / massage,2
counseling and health services --community organized,2
counseling and psychotherapy,2
counseling and therapy,10
"counseling centers / health centers, etc.",6
"counseling centers/health centers, etc",4
counseling service,13
counseling services/therapy/massage,3
counseling/therapy,4
counselling / health / clinics / medical treatment,9
counselling and therapy,2
counselling institute,2
counselling/therapy,23
"counselors / therapists / psychologists, etc.",2
country club,7
cruising areas,25909
"cruising areas,bars",2
"cruising areas,bars/clubs",438
"cruising areas,bars/clubs,hotel",10
"cruising areas,bars/clubs,restaurant",12
"cruising areas,bathhouses",18
"cruising areas,baths",5
"cruising areas,book store",264
"cruising areas,book store,business",4
"cruising areas,book store,erotic shop",51
"cruising areas,book store,theatre",4
"cruising areas,business",16
"cruising areas,community center/support group",2
"cruising areas,erotic shop",25
"cruising areas,erotic shop,book store",17
"cruising areas,gym",10
"cruising areas,hotel",189
"cruising areas,hotel,bars/clubs",8
"cruising areas,hotel,gym",5
"cruising areas,organizations",62
"cruising areas,organizations,hotel",2
"cruising areas,religious institution",3
"cruising areas,restaurant",111
"cruising areas,restaurant,bars/clubs",10
"cruising areas,restaurant,hotel",2
"cruising areas,theatre",207
"cruising areas,theatre,book store",4
cruisy areas,4730
crusiy areas,45
cultural organizations,2
dating service,2
dating services,3
delicatessen,2
dentist,5
dentists,14
directory,3
disco,5
disco night,2
discussion group,8
drug/alcohol services,2
educational institution,2
emergency services,2
entertainment and recreation,986
"entertainment and recreation,cruisy areas",3
erotic shop,454
"erotic shop,bars/clubs",3
"erotic shop,book store",102
"erotic shop,book store,cruising areas",6
"erotic shop,book store,theatre",2
"erotic shop,business",7
"erotic shop,cruising areas",15
"erotic shop,cruising areas,book store",3
"erotic shop,theatre,cruising areas",2
erotica,7154
"erotica,cruising areas",3
"erotica,cruisy areas",5
erotica/adult books,63
erotica/adult groups,337
escort and model services,64
escort service,21
escorts and model services,7
event,3
events,10
feminist bookstore,299
feminist bookstore / cafe,2
feminist coffeehouse,3
feminist newspaper,2
feminist restaurant,4
feminist restaurant/bookstore,2
feminist shop,4
feminist shop and bookstore,2
feminist shops,3
feminist social club and restaurant,2
feminist store,16
feminist stores,2
fitness center,3
food store,3
for review,18
framing shop,2
garage,5
gay / lesbian bookstore,18
gay / lesbian center,12
gay / lesbian group,12
gay beach,3
gay bookstore,2
gay center,8
gay centre,3
gay complex,5
gay complex / resort,3
gay complex/resort,3
gay group,5
gay hotline,9
gay switchboard,2
gay/alternative bookstore,6
gay/lesbian bookstore,22
gay/lesbian bookstores,2
gay/lesbian center,9
gay/lesbian group,20
gay/lesbian restaurant,3
gay/lesbian/feminist bookstore,2
general and alternative bookstore,5
general and alternative bookstores,2
general bookstore,8
general bookstores,2
gift store,5
goddess crafts,2
graphic consultant,2
graphic design,3
group,247
groups,159
groups - special interest groups,4
groups / organizations,5
groups / organizations and services,3
groups and organizations,17
groups/-- special interest groups,2
groups/organizations,7
groups/organizations and services,4
guest house,40
guest house referral agency,2
guest houses,24
guest houses / bed and breakfast,13
guide book,3
gym,202
"gym,bathhouses",3
"gym,hotel",2
gym/health club,13
gym/health clubs,89
gyms and health clubs,481
gyms/health clubs,267
hairdressers,4
hairdressing,2
healing center,2
health - centers / clinics / counselling / practitioners,2
health / clinics / counseling,4
health care,2
health center,64
health center/clinic/counseling,12
health center/clinic/counselling,9
health centers / clinics / counseling / practitioners,7
"health centers / counseling and therapy, etc.",2
health centers and counseling,5
health centers/clinics/counselling,7
"health centers/counseling and therapy, etc.",4
"health centers/counseling,etc",2
health clinic,66
herbal medicine and psychic skills,3
herbalist,9
hotel,3443
"hotel,bars/clubs",439
"hotel,bars/clubs,cruising areas",13
"hotel,bars/clubs,restaurant",30
"hotel,bars/clubs,restaurant,cruising areas",7
"hotel,bathhouses",29
"hotel,bathhouses,cruising areas",2
"hotel,baths",18
"hotel,book store",5
"hotel,business",3
"hotel,cruising areas",31
"hotel,cruising areas,bathhouses",2
"hotel,cruising areas,restaurant",2
"hotel,gym",14
"hotel,gym,cruising areas",4
"hotel,organizations",6
"hotel,restaurant",158
"hotel,restaurant,bars/clubs",44
"hotel,restaurant,bathhouses",2
"hotel,restaurant,cruising areas",3
"hotel,restaurant,gym",4
"hotel,theatre",2
"hotel,travel agency",4
"hotel,travel service",25
hotel/bar,7
hotel/bar/restaurant,3
hotel/motel,22
hotel/private disco club,2
hotel/resort,2
hotels,93
"hotels / guest houses, etc",2
"hotels / motels / guest houses / b and b, etc.",15
"hotels,bars/clubs",5
"hotels,restaurant",3
"hotels,restaurant,bars/clubs",3
"hotels/guest houses,etc",4
hotels/motels,2
hotels/motels/guest houses,38
hotels/motels/guest houses etc.,44
hotels/motels/guest houses/etc,56
hotels/motels/guesthouses,23
hotline,365
"hotline,community center/support group",6
"hotline,religious institution",5
hotlines,187
hotlines / emergency services for women,3
"hotlines,community center/support group",3
"hotlines,organization",3
"hotlines,religious institution",2
hotlines/emergency services for women,3
ice cream parlour,2
ice cream shop,4
info lines and services,10515
"info lines and services,accommodations",2
information and emergency services,5
information and victim-emergency services,5
information services,113
inn,5
insurance,3
introduction services,4
jewelry,6
jewelry/crafts,7
land trust,6
lawyer,4
legal aid,2
lesbian / gay bookstore,4
lesbian / gay community center,3
lesbian aa,2
lesbian bookstore,2
lesbian center,7
lesbian group,13
lesbian land,2
lesbian library,2
lesbian mothers,8
lesbian organization,3
lesbian photographers,2
lesbian social club,3
lesbian social group,5
lesbian space,2
library,7
lodge,5
magazine,5
mail order,5
martial arts,7
massage,3
medical practitioners,2
medical practitioners--including alternative,14
men's clubs,918
men's services,1168
metaphysical bookstore,3
motel,20
motel/bars,5
motels,23
music,2
music festival,2
music producers and promoters,3
music production,2
n.o.w.,25
newsletter,3
newspaper,32
nightclubs,2878
"nightclubs,cruisy areas",3
now,8
occult,2
occult services,3
occult shop,6
occult supplies,3
"occult, astrology",2
occult/astrology,3
older lesbian groups,4
open house,4
organisation and services,35
organization,566
organization and service,111
organization and services,12
"organization,hotline",2
"organization,hotlines",2
"organization,religious institution",3
organization/groups,2
organizations,316
organizations and groups,3
organizations and groups - including special interests,3
organizations and services,8
"organizations,bars/clubs",2
"organizations,hotel",3
organizations. etc.,9
organizations/coffehouse,2
other bars--mostly gay men and mixed clientel,8
other bookshops / videos,2
other bookstores,2
other centers,2
other guest houses,2
other lesbian special interest groups,2
other services,2
outdoor group,7
outdoor trips,2
pamphlet and periodoical outlet,2
personal contact club,2
personal contacts/housing,3
pier,4
political group,12
political/legislative,2
printers,4
printing,5
printing/graphics,6
private club,2
private healthcare,3
private parties,2
production company,5
professional association,3
progressive bookstore,2
public relations,2
publication,732
"publication,book store",8
publications,2858
"publications,organization",3
publications/bar guides,3
radio and television,21
radio and television programs,5
radio program,45
radio program and television,2
radio programs,7
ranch,2
rape crisis,2
real estate agent,2
record shop,3
records/music,2
recreational retreat,2
religious,4
religious group,22
religious groups,500
religious groups and helpline,3
religious groups and organizations,2
religious institution,1459
"religious institution,community center/ support group",2
"religious institution,community center/support group",7
"religious institution,hotline",3
religious organization,391
religious organizations,1140
resort,25
resort and bar,3
resort/hotel,3
resort/rental cottages,4
resorts,22
resorts/hotels/guest houses,5
resources and references,4
restaurant,8813
"restaurant,bars/clubs",1009
"restaurant,bars/clubs,bathhouses",2
"restaurant,bars/clubs,cruising areas",41
"restaurant,bars/clubs,hotel",32
"restaurant,bars/clubs,theatre",3
"restaurant,book store",12
"restaurant,business",7
"restaurant,cruising areas",128
"restaurant,cruising areas,bars/clubs",3
"restaurant,hotel",170
"restaurant,hotel,bars/clubs",24
"restaurant,hotel,bars/clubs,cruising areas",2
"restaurant,hotel,cruising areas",2
"restaurant,hotel,travel service",2
"restaurant,hotels",4
"restaurant,theatre",6
restaurant/bar,13
restaurants,6749
restaurants and cafes,4325
"restaurants and cafes,book stores or retail shops",2
"restaurants and cafes,cruising areas",3
restaurants/supper clubs,2
retail shops,1256
retreat,20
room mate service,6
rooming house,3
roommate matching services,2
roommate service,8
rural communities,3
salon tea,2
sauna,2
sea charters,2
secretarial typing services,3
self defense,5
self-defense school,2
service,92
services,267
sex clubs,25
sex shops,2
sexual boutique,9
sexuality boutique,5
sexuality boutiques,4
show bar,18
show bars,7
show-bar,17
show-bars,49
showbar,23
showbars,21
social club,6
social event,2
social group,2
social groups,4
spa,6
special interest groups,139
special interests,3
spiritual groups,810
spirituality center,2
sports,4
store,7
student group,4
surfing lessons,2
swimming pool/bar,2
switchboard,19
switchboard services,3
switchboards,10
switchboards / hotlines / crises lines,6
taxi cabs,9
tea dance,2
tea room/restaurant,2
tea-room,2
theater,3
theater and music events,2
theater/art,6
theater/arts center,5
theater/arts centers,2
theater/restaurant,2
theaters,4
theatre,780
"theatre,bars/clubs",15
"theatre,book store",25
"theatre,book store,cruising areas",3
"theatre,book store,erotic shop",10
"theatre,cruising areas",59
"theatre,cruising areas,book store",2
"theatre,restaurant",7
therapists,2
third world group,3
tour operators,4
travel,6
travel agencies,27
travel agencies and clubs,6
travel agency,177
travel agency or tour operators,128
"travel agency,hotel",7
travel agents,519
travel and tour operators,128
travel service,191
"travel service,hotel",6
travel/tour operators,1441
tv show,4
university,3
unlisted,5
vacation and recreation,2
vacation ranch,2
vacations,3
victim / emergency services,9
walking tour,2
wilderness trips,2
women only bed and breakfast guest house,2
women's building,6
women's center,53
women's centers,92
women's club,2
women's coffeehouse,3
women's garage,2
women's guest house,4
women's gym,8
women's holiday rentals,2
women's land,3
women's land trust,3
women's music,2
women's radio,2
women's retreat,10
womyn's hostels / guest houses / retreats,5
youth group,2
NA,264
